{
    "worldedit.expand.description.vert": "Expandera vertikalt markerat området till världsgränsen.",
    "worldedit.expand.expanded": "Område expanderat {0} block",
    "worldedit.expand.expanded.vert": "Område expanderat {0} block (från topp till botten).",
    "worldedit.biomeinfo.lineofsight": "Biom inom synhåll: {0}",
    "worldedit.biomeinfo.position": "Biom på det block du står på: {0}",
    "worldedit.biomeinfo.selection": "Biom som du markerat: {0}",
    "worldedit.brush.radius-too-large": "Maximalt tillåten radie på borste: {0}",
    "worldedit.brush.apply.description": "Appliceringspenseln, applicera en funktion på varje block",
    "worldedit.brush.apply.radius": "Storleken av penseln",
    "worldedit.brush.apply.shape": "Formen av regionen",
    "worldedit.brush.apply.type": "Typ av pensel att använda",
    "worldedit.brush.apply.item.warning": "Denna borste simulerar föremålsanvändning. Dess effekter kanske inte fungerar på alla plattformar, kanske inte kan ångras, och kan orsaka konstiga interaktioner med andra mods/plugins. Använd på egen risk.",
    "worldedit.brush.paint.description": "Målarpensel, applicera en funktion på en yta",
    "worldedit.brush.paint.size": "Storleken av penseln",
    "worldedit.brush.paint.shape": "Formen av regionen",
    "worldedit.brush.paint.density": "Densiteten av penseln",
    "worldedit.brush.paint.type": "Typ av pensel att använda",
    "worldedit.brush.paint.item.warning": "Denna borste simulerar föremålsanvändning. Dess effekter kanske inte fungerar på alla plattformar, kanske inte kan ångras, och kan orsaka konstiga interaktioner med andra mods/plugins. Använd på egen risk.",
    "worldedit.brush.sphere.equip": "Sfärpenselform utrustad ({0}).",
    "worldedit.brush.cylinder.equip": "Cylinderpenselform utrustad ({0} av {1}).",
    "worldedit.brush.extinguish.equip": "Brandsläckare utrustad ({0}).",
    "worldedit.brush.gravity.equip": "Gravitetspensel utrustad ({0}).",
    "worldedit.brush.butcher.equip": "Slaktpensel utrustad ({0}).",
    "worldedit.brush.operation.equip": "Ställ in penseln till {0}.",
    "worldedit.brush.heightmap.equip": "Heightmap-pensel utrustad ({0}).",
    "worldedit.brush.heightmap.unknown": "Okänd heightmap-pensel: {0}.",
    "worldedit.brush.none.equip": "Pensel obunden från ditt aktuella föremål.",
    "worldedit.setbiome.changed": "Biomer har ändrats för ungefär {0} block.",
    "worldedit.setbiome.warning": "Du kan behöva återansluta till ditt spel (eller stänga och åter öppna din värld) för att se förändringar.",
    "worldedit.drawsel.disabled": "Server CUI inaktiverad.",
    "worldedit.drawsel.disabled.already": "Server CUI redan inaktiverad.",
    "worldedit.drawsel.enabled.already": "Server CUI redan aktiverad.",
    "worldedit.limit.too-high": "Din maximalt tillåten gräns är {0}.",
    "worldedit.limit.set": "Block ändringsgräns satt till {0}.",
    "worldedit.limit.return-to-default": "(Använd //limit för att återvända till standardinställningar.)",
    "worldedit.timeout.too-high": "Din maximalt tillåten timeout är {0}ms.",
    "worldedit.timeout.set": "Längd av Timeout inställd på {0}ms.",
    "worldedit.timeout.return-to-default": " (Använd //timeout för att återvända till standardinställningar.)",
    "worldedit.fast.disabled": "Snabbt läge inaktiverad.",
    "worldedit.fast.enabled": "Snabbt läge aktiverad. Belysningen i de påverkade chunkarna kan vara fel och/eller du kan behöva återansluta för att se ändringarna.",
    "worldedit.fast.disabled.already": "Snabbt läge redan inaktiverad.",
    "worldedit.fast.enabled.already": "Snabbt läge redan aktiverad.",
    "worldedit.perf.sideeffect.set": "Bieffekt \"{0}\" inställd på {1}",
    "worldedit.perf.sideeffect.get": "Bieffekt \"{0}\" är inställd på {1}",
    "worldedit.perf.sideeffect.already-set": "Bieffekt \"{0}\" är redan {1}",
    "worldedit.perf.sideeffect.set-all": "Alla bieffekter inställda på {0}",
    "worldedit.gmask.disabled": "Global mask inaktiverad.",
    "worldedit.gmask.set": "Global mask inställd.",
    "worldedit.toggleplace.pos1": "Placerar nu på pos #1.",
    "worldedit.toggleplace.player": "Placerar nu vid blocket du står i.",
    "worldedit.searchitem.too-short": "Ange en längre söksträng (längd > 2).",
    "worldedit.searchitem.either-b-or-i": "Du kan inte använda både 'b' och 'i' flaggorna samtidigt.",
    "worldedit.searchitem.searching": "(Var god vänta... söker efter föremål.)",
    "worldedit.watchdog.no-hook": "Denna plattform har ingen watchdog krok.",
    "worldedit.watchdog.active.already": "Watchdog krok redan aktiv.",
    "worldedit.watchdog.inactive.already": "Watchdog krok redan inaktiv.",
    "worldedit.watchdog.active": "Watchdog krok är nu aktiv.",
    "worldedit.watchdog.inactive": "Watchdog krok är nu inaktiv.",
    "worldedit.world.remove": "Borttagen världsöverskridning.",
    "worldedit.world.set": "Ställ in världsöverskridningen till {0}. (Använd //world för att återvända till standardinställningar.)",
    "worldedit.undo.undone": "{0} tillgängliga redigeringar ångrades.",
    "worldedit.undo.none": "Inget kvar att ångra.",
    "worldedit.redo.redone": "{0} tillgängliga redigeringar gjordes om.",
    "worldedit.redo.none": "Inget kvar att göra om.",
    "worldedit.clearhistory.cleared": "Historik rensad.",
    "worldedit.raytrace.noblock": "Inget block i sikte!",
    "worldedit.restore.not-configured": "Snapshot/backupåterställning är inte konfigurerat.",
    "worldedit.restore.not-available": "Den snapshoten finns inte eller är ej tillgänglig.",
    "worldedit.restore.failed": "Misslyckades att ladda snapshot: {0}",
    "worldedit.restore.loaded": "Snapshot '{0}' laddad; återställer...",
    "worldedit.restore.restored": "Återställde; {0} saknade chunks och {1} andra fel.",
    "worldedit.restore.none-for-specific-world": "Inga snapshots hittades för värld '{0}'.",
    "worldedit.restore.none-for-world": "Snapshots för denna värld kunde inte hittas.",
    "worldedit.restore.none-found": "Inga snapshots hittades.",
    "worldedit.restore.none-found-console": "Inga snapshots hittades. Detaljer finns i konsolen.",
    "worldedit.restore.chunk-not-present": "Chunks ej närvarande i snapshoten.",
    "worldedit.restore.chunk-load-failed": "Inga chunks kunde laddas in. (Dåligt arkiv?)",
    "worldedit.restore.block-place-failed": "Fel hindrade alla block från att återställas.",
    "worldedit.restore.block-place-error": "Senaste felet: {0}",
    "worldedit.snapshot.use.newest": "Nu används den senaste snapshoten.",
    "worldedit.snapshot.use": "Snapshot inställd på: {0}",
    "worldedit.snapshot.none-before": "Kunde inte hitta en snapshot före {0}.",
    "worldedit.snapshot.none-after": "Kunde inte hitta en snapshot efter {0}.",
    "worldedit.snapshot.index-above-0": "Ogiltigt index, måste vara större än eller lika med 1.",
    "worldedit.snapshot.index-oob": "Ogiltigt index, måste ligga mellan 1 och {0}.",
    "worldedit.schematic.unknown-format": "Okänt Schematic format: {0}.",
    "worldedit.schematic.load.does-not-exist": "Schematic {0} finns inte!",
    "worldedit.schematic.load.loading": "(Var god vänta... laddar schematic.)",
    "worldedit.schematic.load.still-loading": "(Var god vänta... laddar fortfarande schematic.)",
    "worldedit.schematic.save.already-exists": "Denna schematic finns redan. Använd flaggan -f för att skriva över den.",
    "worldedit.schematic.save.failed-directory": "Kunde inte skapa mapp för schematics!",
    "worldedit.schematic.save.saving": "(Var god vänta... sparar schematic.)",
    "worldedit.schematic.save.still-saving": "(Var god vänta... sparar fortfarande schematic.)",
    "worldedit.schematic.delete.does-not-exist": "Schematic {0} finns inte!",
    "worldedit.schematic.delete.failed": "Borttagning av {0} misslyckades! Är det skrivskyddat?",
    "worldedit.schematic.delete.deleted": "{0} har raderats.",
    "worldedit.schematic.unsupported-minecraft-version": "Denna version av WorldEdit stöder inte din Minecraft-version. Schematics kommer inte att fungera förrän detta är löst.",
    "worldedit.pos.already-set": "Position redan angiven.",
    "worldedit.pos.console-require-coords": "Du måste ange koordinater som konsol.",
    "worldedit.hpos.no-block": "Inget block i sikte!",
    "worldedit.hpos.already-set": "Position redan angiven.",
    "worldedit.chunk.selected-multiple": "Valda chunks: ({0}, {1}, {2}) - ({3}, {4}, {5})",
    "worldedit.chunk.selected": "Chunk vald: {0}, {1}, {2}",
    "worldedit.wand.invalid": "Stavföremålet är felkonfigurerat eller inaktiverat.",
    "worldedit.wand.selwand.info": "Vänsterklick: välj position #1; Högerklick: välj position #2",
    "worldedit.wand.navwand.info": "Vänsterklick: hoppa till plats; Högerklicka: passera genom väggar",
    "worldedit.shift.shifted": "Region skiftad.",
    "worldedit.inset.inset": "Region inlagd.",
    "worldedit.size.offset": "Förskjutning: {0}",
    "worldedit.size.type": "Typ: {0}",
    "worldedit.size.size": "Storlek: {0}",
    "worldedit.size.distance": "Cuboid distans: {0}",
    "worldedit.size.blocks": "Antal block: {0}",
    "worldedit.count.counted": "Räknade: {0}",
    "worldedit.distr.no-blocks": "Inga block räknades.",
    "worldedit.distr.no-previous": "Ingen tidigare distribution.",
    "worldedit.distr.total": "Totalt antal block: {0}",
    "worldedit.select.cleared": "Markering rensad.",
    "worldedit.select.cuboid.message": "Cuboid: vänsterklicka för punkt 1, högerklicka för punkt 2",
    "worldedit.select.cuboid.description": "Välj två hörn av en cuboid",
    "worldedit.select.extend.message": "Cuboid: vänsterklicka för en utgångspunkt, högerklicka för att förlänga",
    "worldedit.select.extend.description": "Snabb cuboid markeringsläge",
    "worldedit.select.poly.message": "2D polygon selector: Vänster/högerklicka för att lägga till en punkt.",
    "worldedit.select.poly.limit-message": "Maximalt {0} poäng.",
    "worldedit.select.poly.description": "Välj en 2D polygon med höjd",
    "worldedit.select.ellipsoid.message": "Ellipsoidselektor: vänsterklick för mittpunkten, högerklicka för att förlänga",
    "worldedit.select.ellipsoid.description": "Välj en ellipsoid",
    "worldedit.select.sphere.message": "Sfärselektor: vänsterklick för mittpunkten, högerklicka för att ställa in radie",
    "worldedit.select.sphere.description": "Välj en sfär",
    "worldedit.select.cyl.message": "Cylinderselektor: vänsterklick för mittpunkten, högerklicka för att förlänga",
    "worldedit.select.cyl.description": "Välj en cylinder",
    "worldedit.select.convex.message": "Konvex polyheder-selektor: Vänster click = Första toppunkten, högerklicka för att lägga till mer.",
    "worldedit.select.convex.limit-message": "Maximalt {0} poäng.",
    "worldedit.select.convex.description": "Välj en konvex polyeder",
    "worldedit.chunkinfo.chunk": "Chunk: {0}, {1}",
    "worldedit.chunkinfo.old-filename": "Gammalt format: {0}",
    "worldedit.chunkinfo.mcregion-filename": "McRegion: region/{0}",
    "worldedit.drain.drained": "{0} block har tömts.",
    "worldedit.fill.created": "{0} block har fyllts i.",
    "worldedit.fillr.created": "{0} block har fyllts i.",
    "worldedit.fixlava.fixed": "{0} block har fixats.",
    "worldedit.fixwater.fixed": "{0} block har fixats.",
    "worldedit.removeabove.removed": "{0} block har tagits bort.",
    "worldedit.removebelow.removed": "{0} block har tagits bort.",
    "worldedit.removenear.removed": "{0} block har tagits bort.",
    "worldedit.replacenear.replaced": "{0} block har ersatts.",
    "worldedit.snow.created": "{0} ytor har täckts.",
    "worldedit.thaw.removed": "{0} block har tinats.",
    "worldedit.green.changed": "{0} block har växt gräss.",
    "worldedit.extinguish.removed": "{0} bränder har släckts.",
    "worldedit.butcher.killed": "{0} varelser har dödats i en radie av {1}.",
    "worldedit.butcher.explain-all": "Använd -1 för att ta bort alla varelser i chunkerna som laddats in",
    "worldedit.remove.removed": "{0} entiteter har markerats för borttagning.",
    "worldedit.remove.explain-all": "Använd -1 för att ta bort alla entiteter i chunkerna som laddats in",
    "worldedit.calc.invalid": "'{0}' kunde inte tolkas som ett giltigt uttryck",
    "worldedit.calc.invalid.with-error": "'{0}' kunde inte tolkas som ett giltigt uttryck: '{1}'",
    "worldedit.paste.pasted": "Urklipp har klistrats in vid {0}",
    "worldedit.clearclipboard.cleared": "Urklipp rensat.",
    "worldedit.set.done": "Handling utförd.",
    "worldedit.set.done.verbose": "Handling utförd ({0}).",
    "worldedit.line.changed": "{0} block har ändrats.",
    "worldedit.line.invalid-type": "//line fungerar endast med cuboidval eller konvex polyeder-val",
    "worldedit.curve.changed": "{0} block har ändrats.",
    "worldedit.curve.invalid-type": "//curve fungerar endast med konvex polyederl-val",
    "worldedit.replace.replaced": "{0} block har ersatts.",
    "worldedit.stack.changed": "{0} block har ändrats. Ångra med //undo",
    "worldedit.stack.intersecting-region": "Stack offset får inte kollidera med regionen vid användning av blockenheter",
    "worldedit.regen.regenerated": "Region regenererad.",
    "worldedit.walls.changed": "{0} block har ändrats.",
    "worldedit.faces.changed": "{0} block har ändrats.",
    "worldedit.overlay.overlaid": "{0} block har täckts över.",
    "worldedit.naturalize.naturalized": "{0} block har gjorts för att se mer naturligt ut.",
    "worldedit.center.changed": "Mittpunkt satt. ({0} block ändrade)",
    "worldedit.smooth.changed": "Terrängens heightmap har blivit utjämnad. {0} block ändrades.",
    "worldedit.move.moved": "{0} block flyttades.",
    "worldedit.deform.deformed": "{0} block har deformerats.",
    "worldedit.hollow.changed": "{0} block har ändrats.",
    "worldedit.forest.created": "{0} träd skapade.",
    "worldedit.flora.created": "{0} flora skapades.",
    "worldedit.unstuck.moved": "Så där ja!",
    "worldedit.ascend.obstructed": "Det finns inget ledigt utrymme ovanför dig.",
    "worldedit.ascend.moved": "Steg up {0} nivåer.",
    "worldedit.descend.obstructed": "Det finns inget ledigt utrymme under dig.",
    "worldedit.descend.moved": "Steg ner {0} nivåer.",
    "worldedit.ceil.obstructed": "Det finns inget ledigt utrymme ovanför dig.",
    "worldedit.ceil.moved": "Woosh!",
    "worldedit.thru.obstructed": "Det finns inget ledigt utrymme framför dig.",
    "worldedit.thru.moved": "Woosh!",
    "worldedit.jumpto.moved": "Poof!",
    "worldedit.jumpto.none": "Inget block i sikte (eller för långt borta)!",
    "worldedit.up.obstructed": "Du hade träffat något ovanför dig.",
    "worldedit.up.moved": "Woosh!",
    "worldedit.cone.invalid-radius": "Du måste antingen ange 1 eller 2 radie värden.",
    "worldedit.cone.created": "{0} block har skapats.",
    "worldedit.cyl.invalid-radius": "Du måste antingen ange 1 eller 2 radie värden.",
    "worldedit.cyl.created": "{0} block har skapats.",
    "worldedit.sphere.invalid-radius": "Du måste antingen ange 1 eller 3 radie värden.",
    "worldedit.sphere.created": "{0} block har skapats.",
    "worldedit.forestgen.created": "{0} träd skapade.",
    "worldedit.pumpkins.created": "{0} pumpafält skapade.",
    "worldedit.pyramid.created": "{0} block har skapats.",
    "worldedit.generate.created": "{0} block har skapats.",
    "worldedit.generatebiome.changed": "{0} biomer påverkade.",
    "worldedit.reload.config": "Konfigurationen laddades om!",
    "worldedit.report.written": "WorldEdit rapport skriven till {0}",
    "worldedit.report.error": "Kunde inte skriva rapport: {0}",
    "worldedit.report.callback": "WorldEdit rapport: {0}.report",
    "worldedit.timezone.invalid": "Ogiltig tidszon",
    "worldedit.timezone.set": "Tidszon inställd för denna session till: {0}",
    "worldedit.timezone.current": "Den aktuella tiden i den tidszonen är: {0}",
    "worldedit.version.version": "WorldEdit version {0}",
    "worldedit.trace.active.already": "Spårningsläge redan aktivt.",
    "worldedit.trace.inactive.already": "Spårningsläge redan inaktivt.",
    "worldedit.trace.active": "Spårningsläge är nu aktivt.",
    "worldedit.trace.inactive": "Spårningsläge är nu inaktivt.",
    "worldedit.command.permissions": "Du har inte tillåtelse att göra det. Är du i rätt läge?",
    "worldedit.command.player-only": "Detta kommando måste användas med en spelare.",
    "worldedit.command.error.report": "Rapportera detta fel: [Se konsol]",
    "worldedit.pastebin.uploading": "(Var god vänta... skickar data till pastebin...)",
    "worldedit.asset.load.loading": "(Var god vänta... laddar tillgång.)",
    "worldedit.asset.load.still-loading": "(Var god vänta... laddar fortfarande tillgång.)",
    "worldedit.asset.load.failed": "Misslyckades att ladda tillgången",
    "worldedit.tool.no-block": "Inget block i sikte!",
    "worldedit.tool.repl.equip": "Blockutbytesverktyg bundet till {0}.",
    "worldedit.tool.repl.switched": "Utbytesverktyget byttes till: {0}",
    "worldedit.tool.data-cycler.new-value": "Värdet av {0} är nu {1}.",
    "worldedit.tool.deltree.not-tree": "Det är inte ett träd.",
    "worldedit.tool.deltree.not-floating": "Det är inte ett flytande träd.",
    "worldedit.tool.tree.equip": "Trädverktyg bundet till {0}.",
    "worldedit.tool.tree.obstructed": "Ett träd kan inte gå dit.",
    "worldedit.tool.info.equip": "Informationsverktyg är bundet till {0}.",
    "worldedit.tool.info.internalid.hover": "Internt ID",
    "worldedit.tool.none.to.unequip": "Din nuvarande föremål är inte bunden.",
    "worldedit.tool.selwand.equip": "Markeringsstav bunden till {0}.",
    "worldedit.tool.navwand.equip": "Navigationsstav bunden till {0}.",
    "worldedit.tool.floodfill.equip": "Blockfyllningsverktyg bunden till {0}.",
    "worldedit.tool.lrbuild.set": "Vänsterklick satt till {0}; högerklick satt till {1}.",
    "worldedit.tool.superpickaxe.max-range": "Maximalt räckvidd är {0}.",
    "worldedit.tool.superpickaxe.enabled.already": "Super pickaxe redan aktiverad.",
    "worldedit.tool.superpickaxe.disabled.already": "Super pickaxe redan inaktiverad.",
    "worldedit.tool.superpickaxe.enabled": "Super pickaxe aktiverad.",
    "worldedit.tool.superpickaxe.disabled": "Super pickaxe inaktiverad.",
    "worldedit.tool.mask.set": "Penselmask ändrat.",
    "worldedit.tool.mask.disabled": "Penselmask inaktiverad.",
    "worldedit.tool.material.set": "Penselmaterial ändrat.",
    "worldedit.tool.range.set": "Penselräckvidd ändrat.",
    "worldedit.tool.size.set": "Penselstorlek ändrat.",
    "worldedit.tool.tracemask.set": "Trace mask ändrat.",
    "worldedit.tool.tracemask.disabled": "Trace mask inaktiverad.",
    "worldedit.tool.error.cannot-bind": "Kan inte binda verktyget till {0}: {1}",
    "worldedit.tool.error.item-only": "Blocken kan inte användas.",
    "worldedit.execute.script-permissions": "Du har inte tillstånd att använda detta skript.",
    "worldedit.executelast.no-script": "Använd /cs med ett skriptnamn först.",
    "worldedit.script.read-error": "Fel vid skriptläsning: {0}",
    "worldedit.script.unsupported": "Endast .js-skript stöds för närvarande",
    "worldedit.script.file-not-found": "Skriptet kunde inte finnas: {0}",
    "worldedit.script.no-script-engine": "Det gick inte att hitta en installerad skriptmotor.\nSe https://worldedit.enginehub.org/en/latest/usage/other/craftscripts/",
    "worldedit.script.failed": "Misslyckades att utföra: {0}",
    "worldedit.script.failed-console": "Misslyckades att utföra (mer info i konsolen): {0}",
    "worldedit.operation.affected.biome": "{0} biomer påverkade",
    "worldedit.operation.affected.block": "{0} block påverkade",
    "worldedit.operation.affected.column": "{0} kolumner påverkade",
    "worldedit.operation.affected.entity": "{0} entiteter påverkade",
    "worldedit.operation.deform.expression": "deformeras med {0}",
    "worldedit.error.invalid-number": "Nummer förväntas; sträng angiven.",
    "worldedit.error.invalid-number.matches": "Nummer förväntas; sträng \"{0}\"angiven.",
    "worldedit.error.incomplete-region": "Gör ett regionval först.",
    "worldedit.error.unknown-block": "Blocknamnet '{0}' kändes inte igen.",
    "worldedit.error.unknown-entity": "Entitetsnamnet '{0}' kändes inte igen.",
    "worldedit.error.unknown-mob": "Varelsenamnet '{0}' kändes inte igen.",
    "worldedit.error.unknown-biome": "Biomnamnet '{0}' kändes inte igen.",
    "worldedit.error.unknown-tag": "Taggnamn '{0}' kändes inte igen.",
    "worldedit.error.empty-tag": "Taggnamn '{0}' har inget innehåll.",
    "worldedit.error.no-match": "Ingen match för '{0}'.",
    "worldedit.error.disallowed-block": "Block '{0}' ej tillåtet (se WorldEdit konfiguration).",
    "worldedit.error.max-brush-radius": "Maximal penselradie (i konfiguration): {0}",
    "worldedit.error.max-radius": "Maximal radie (i konfiguration): {0}",
    "worldedit.error.unknown-direction": "Okänd riktning: {0}",
    "worldedit.error.empty-clipboard": "Urklipp är tomt. Använd //copy först.",
    "worldedit.error.invalid-filename": "Filnamn '{0}' ogiltig: {1}",
    "worldedit.error.invalid-filename.invalid-characters": "Ogiltiga tecken eller saknande filsuffix",
    "worldedit.error.file-resolution.outside-root": "Vägen är utanför tillåten rot",
    "worldedit.error.file-resolution.resolve-failed": "Misslyckades att hitta väg",
    "worldedit.error.file-aborted": "Filval avbröts.",
    "worldedit.error.no-file-selected": "Ingen fil vald.",
    "worldedit.error.not-a-block": "Detta föremål är inte ett block.",
    "worldedit.error.not-a-block.item": "Föremålet '{0}' är inte ett block.",
    "worldedit.error.incorrect-usage": "Användning: {0}",
    "worldedit.error.invalid-page": "Ogiltigt sidnummer",
    "worldedit.error.parser.empty-state": "Tom del i tillståndet",
    "worldedit.error.parser.missing-equals-separator": "Saknar '=' separator",
    "worldedit.error.parser.unknown-property": "Okänd egenskap '{0}' för block '{1}'",
    "worldedit.error.parser.unknown-value": "Okänt värde '{0}' för egenskap '{1}'",
    "worldedit.error.parser.empty-property": "Tom egenskap i tillståndet",
    "worldedit.error.parser.empty-value": "Tomt värde i tillståndet",
    "worldedit.error.parser.invalid-colon": "Ogiltigt kolon.",
    "worldedit.error.parser.invalid-expression": "Ogiltigt uttryck: {0}",
    "worldedit.error.parser.missing-rbracket": "Tillståndet saknar efterföljande ']'",
    "worldedit.error.parser.clipboard.missing-coordinates": "Urklipp offset behöver x,y,z koordinater.",
    "worldedit.error.parser.player-only": "Input '{0}' kräver en spelare!",
    "worldedit.error.disabled": "Denna funktion är inaktiverad (se WorldEdit konfiguration).",
    "worldedit.error.unknown": "Ett okänt fel uppstod: {0}",
    "worldedit.error.missing-extent": "Inget Extent kändes igen",
    "worldedit.error.missing-session": "Ingen LocalSession kändes igen",
    "worldedit.error.missing-world": "Du måste bereda en värld (Prova //world)",
    "worldedit.error.missing-actor": "Ingen aktör kändes igen",
    "worldedit.selection.convex.info.vertices": "Hörn: {0}",
    "worldedit.selection.convex.info.triangles": "Trianglar: {0}",
    "worldedit.selection.cuboid.info.pos1": "Position 1: {0}",
    "worldedit.selection.cuboid.info.pos2": "Position 2: {0}",
    "worldedit.selection.cuboid.explain.primary": "Första positionen satt till {0}.",
    "worldedit.selection.cuboid.explain.primary-area": "Första positionen satt till {0} ({1}).",
    "worldedit.selection.cuboid.explain.secondary": "Andra positionen satt till {0}.",
    "worldedit.selection.cuboid.explain.secondary-area": "Andra positionen satt till {0} ({1}).",
    "worldedit.selection.extend.explain.primary": "Börjat val på {0} ({1}).",
    "worldedit.selection.extend.explain.secondary": "Utökad markering för att omfatta {0} ({1}).",
    "worldedit.selection.ellipsoid.info.center": "Mittpunkt: {0}",
    "worldedit.selection.ellipsoid.info.radius": "X/Y/Z Radius: {0}",
    "worldedit.selection.ellipsoid.explain.primary": "Mittpunktens position satt till {0}.",
    "worldedit.selection.ellipsoid.explain.primary-area": "Mittpunktens position satt till {0} ({1}).",
    "worldedit.selection.ellipsoid.explain.secondary": "Radien satt till {0}.",
    "worldedit.selection.ellipsoid.explain.secondary-area": "Radien satt till {0} ({1}).",
    "worldedit.selection.cylinder.info.center": "Mittpunkt: {0}",
    "worldedit.selection.cylinder.info.radius": "Radie: {0}",
    "worldedit.selection.cylinder.explain.secondary": "Radien satt till {0}/{1} block. ({2})",
    "worldedit.selection.cylinder.explain.secondary-missing": "Du måste välja mittpunkten innan du ställer in radien.",
    "worldedit.selection.cylinder.error.even-horizontal": "Ändringar till cylindrar måste vara jämna för varje horisontell dimension.",
    "worldedit.selection.polygon2d.info": "# poäng: {0}",
    "worldedit.selection.polygon2d.explain.primary": "Börjat en ny polygon vid {0}.",
    "worldedit.selection.polygon2d.explain.secondary": "Lade till punkt #{0} vid {1}.",
    "worldedit.selection.polygon2d.error.expand-only-vertical": "Polygoner kan endast utökas vertikalt.",
    "worldedit.selection.polygon2d.error.contract-only-vertical": "Polygoner kan endast krympas vertikalt.",
    "worldedit.selection.sphere.explain.secondary": "Radien satt till {0}.",
    "worldedit.selection.sphere.explain.secondary-defined": "Radien satt till {0} ({1}).",
    "worldedit.selection.null.error.immutable": "Kan inte ändra NullRegion.",
    "worldedit.selection.intersection.error.cannot-expand": "Kan inte expandera en regionkorsning.",
    "worldedit.selection.intersection.error.cannot-contract": "Kan inte krympa en regionkorsning.",
    "worldedit.selection.transform.error.cannot-expand": "Kan inte expandera TransformedRegion.",
    "worldedit.selection.transform.error.cannot-contract": "Kan inte krympa TransformedRegion.",
    "worldedit.selection.transform.error.cannot-change": "Kan inte ändra ett TransformedRegion.",
    "worldedit.sideeffect.lighting": "Belysning",
    "worldedit.sideeffect.neighbors": "Grannar",
    "worldedit.sideeffect.neighbors.description": "Notifierar närliggande block av ändringar",
    "worldedit.sideeffect.update": "Uppdatera",
    "worldedit.sideeffect.update.description": "Notifierar det ändrade blocket",
    "worldedit.sideeffect.validation": "Validering",
    "worldedit.sideeffect.validation.description": "Validerar och rättar inkonsekventa världstillstånd, såsom frånkopplade block",
    "worldedit.sideeffect.entity_ai": "Entitet AI",
    "worldedit.sideeffect.entity_ai.description": "Uppdaterar Entitet AIs sökvägar för blockförändringar",
    "worldedit.sideeffect.events": "Mod/Plugin event",
    "worldedit.sideeffect.events.description": "Säger till andra mods/plugins om dessa ändringar i förekommande fall",
    "worldedit.sideeffect.state.on": "På",
    "worldedit.sideeffect.state.delayed": "Försenat",
    "worldedit.sideeffect.state.off": "Av",
    "worldedit.sideeffect.box.current": "Nuvarande",
    "worldedit.sideeffect.box.change-to": "Klicka för att ställa in till {0}",
    "worldedit.help.command-not-found": "Kommandot '{0}' kunde inte hittas.",
    "worldedit.help.no-subcommands": "'{0}' har inga underkommandon. (Kanske '{1}' är för en parameter?)",
    "worldedit.help.subcommand-not-found": "Underkommandot '{0}' under '{1}' kunde inte hittas.",
    "worldedit.cli.stopping": "Avbyter!",
    "worldedit.cli.unknown-command": "Okänt kommando!",
    "worldedit.version.bukkit.unsupported-adapter": "Denna version av WorldEdit stöder inte helt din version av Bukkit. Blockentiteter (t.ex. kistor) kommer att vara tomma, blockegenskaper (t.ex. rotation) kommer att saknas, och andra saker kanske inte fungerar. Uppdatera WorldEdit för att återställa denna funktionalitet:\n{0}"
}
