{"stats":{"minecraft:mined":{"minecraft:short_grass":3},"minecraft:custom":{"minecraft:time_since_rest":4939,"minecraft:walk_one_cm":1486,"minecraft:walk_under_water_one_cm":191,"minecraft:damage_taken":400,"minecraft:play_time":5956,"minecraft:damage_dealt":20,"minecraft:jump":35,"minecraft:time_since_death":4914,"minecraft:sprint_one_cm":2914,"minecraft:fall_one_cm":656,"minecraft:swim_one_cm":363,"minecraft:total_world_time":5956,"minecraft:fly_one_cm":6397,"minecraft:walk_on_water_one_cm":532,"minecraft:deaths":1},"minecraft:killed_by":{"minecraft:spider":1}},"DataVersion":4325}