{"stats":{"minecraft:picked_up":{"minecraft:wheat_seeds":1},"minecraft:custom":{"minecraft:time_since_rest":8088,"minecraft:walk_one_cm":4506,"minecraft:leave_game":1,"minecraft:damage_taken":465,"minecraft:play_time":11620,"minecraft:damage_dealt":188,"minecraft:jump":63,"minecraft:time_since_death":4651,"minecraft:sprint_one_cm":2322,"minecraft:fall_one_cm":1706,"minecraft:total_world_time":11620,"minecraft:fly_one_cm":3714,"minecraft:walk_on_water_one_cm":42,"minecraft:deaths":1,"minecraft:player_kills":1},"minecraft:killed_by":{"minecraft:player":1}},"DataVersion":4325}