{"stats":{"minecraft:mined":{"minecraft:short_grass":14},"minecraft:picked_up":{"minecraft:wheat_seeds":1},"minecraft:custom":{"minecraft:time_since_rest":5934,"minecraft:walk_one_cm":3032,"minecraft:walk_under_water_one_cm":135,"minecraft:damage_taken":75,"minecraft:play_time":5934,"minecraft:jump":13,"minecraft:time_since_death":5934,"minecraft:sprint_one_cm":1641,"minecraft:fall_one_cm":646,"minecraft:total_world_time":5934,"minecraft:fly_one_cm":1234,"minecraft:walk_on_water_one_cm":44,"minecraft:crouch_one_cm":112,"minecraft:sneak_time":30}},"DataVersion":4325}