{"stats":{"minecraft:mined":{"minecraft:short_grass":14},"minecraft:picked_up":{"minecraft:wheat_seeds":1},"minecraft:custom":{"minecraft:time_since_rest":236,"minecraft:walk_one_cm":3999,"minecraft:leave_game":1,"minecraft:walk_under_water_one_cm":135,"minecraft:damage_taken":250,"minecraft:play_time":13296,"minecraft:damage_dealt":220,"minecraft:jump":47,"minecraft:time_since_death":0,"minecraft:sprint_one_cm":1641,"minecraft:fall_one_cm":646,"minecraft:total_world_time":13296,"minecraft:fly_one_cm":1354,"minecraft:walk_on_water_one_cm":44,"minecraft:crouch_one_cm":112,"minecraft:sneak_time":30,"minecraft:deaths":1},"minecraft:killed_by":{"minecraft:player":1}},"DataVersion":4325}