{"stats":{"minecraft:crafted":{"minecraft:stick":12,"minecraft:wooden_axe":1,"minecraft:wooden_pickaxe":1,"minecraft:stone_axe":1,"minecraft:oak_planks":20,"minecraft:bread":33,"minecraft:stone_pickaxe":1,"minecraft:crafting_table":2,"minecraft:acacia_planks":16,"minecraft:wheat":99},"minecraft:used":{"minecraft:stone_axe":25,"minecraft:leaf_litter":3,"minecraft:wooden_axe":1,"minecraft:wind_charge":96,"minecraft:crafting_table":2,"minecraft:wooden_pickaxe":14,"minecraft:porkchop":4,"minecraft:bread":3,"minecraft:dirt":7,"minecraft:mace":8},"minecraft:killed":{"minecraft:skeleton":3,"minecraft:pig":1,"minecraft:sheep":8,"minecraft:cow":8,"minecraft:spider":1},"minecraft:killed_by":{"minecraft:iron_golem":1},"minecraft:picked_up":{"minecraft:dirt":53,"minecraft:cobblestone":14,"minecraft:sugar_cane":2,"minecraft:leather":10,"minecraft:bone":4,"minecraft:bread":1,"minecraft:leaf_litter":74,"minecraft:oak_log":11,"minecraft:armadillo_scute":1,"minecraft:wheat_seeds":66,"minecraft:melon_seeds":1,"minecraft:spider_eye":1,"minecraft:porkchop":1,"minecraft:white_wool":5,"minecraft:black_wool":2,"minecraft:crafting_table":1,"minecraft:arrow":4,"minecraft:beef":19,"minecraft:rotten_flesh":7,"minecraft:acacia_wood":3,"minecraft:hay_block":11,"minecraft:string":2,"minecraft:acacia_log":1,"minecraft:mutton":12,"minecraft:gray_wool":1},"minecraft:dropped":{"minecraft:bread":0},"minecraft:mined":{"minecraft:tall_grass":36,"minecraft:bush":7,"minecraft:dirt":8,"minecraft:grass_block":31,"minecraft:hay_block":11,"minecraft:short_grass":334,"minecraft:oak_leaves":5,"minecraft:crafting_table":1,"minecraft:acacia_wood":3,"minecraft:leaf_litter":30,"minecraft:oak_log":11,"minecraft:acacia_log":1,"minecraft:stone":14},"minecraft:custom":{"minecraft:interact_with_crafting_table":16,"minecraft:talked_to_villager":1,"minecraft:time_since_rest":9470,"minecraft:walk_one_cm":35353,"minecraft:leave_game":12,"minecraft:walk_under_water_one_cm":161,"minecraft:mob_kills":21,"minecraft:damage_taken":672,"minecraft:play_time":64580,"minecraft:damage_dealt":2558,"minecraft:jump":890,"minecraft:time_since_death":48331,"minecraft:drop":1,"minecraft:sprint_one_cm":158508,"minecraft:open_chest":1,"minecraft:sleep_in_bed":1,"minecraft:fall_one_cm":17159,"minecraft:total_world_time":64580,"minecraft:swim_one_cm":754,"minecraft:fly_one_cm":682324,"minecraft:walk_on_water_one_cm":2820,"minecraft:crouch_one_cm":810,"minecraft:sneak_time":538,"minecraft:deaths":1}},"DataVersion":4325}