{"stats":{"minecraft:mined":{"minecraft:tall_grass":40,"minecraft:stripped_spruce_wood":12,"minecraft:dirt":8,"minecraft:spruce_log":3,"minecraft:bush":7,"minecraft:grass_block":31,"minecraft:hay_block":15,"minecraft:short_grass":347,"minecraft:spruce_door":1,"minecraft:oak_leaves":5,"minecraft:crafting_table":2,"minecraft:acacia_wood":3,"minecraft:leaf_litter":30,"minecraft:oak_log":11,"minecraft:acacia_log":1,"minecraft:stone":14},"minecraft:broken":{"minecraft:stone_axe":1},"minecraft:crafted":{"minecraft:stick":12,"minecraft:wooden_axe":1,"minecraft:wooden_pickaxe":1,"minecraft:stone_axe":2,"minecraft:oak_planks":20,"minecraft:stone_pickaxe":1,"minecraft:bread":33,"minecraft:crafting_table":2,"minecraft:acacia_planks":16,"minecraft:wheat":99},"minecraft:killed":{"minecraft:zombie":11,"minecraft:pillager":5,"minecraft:stray":3,"minecraft:skeleton":5,"minecraft:creeper":3,"minecraft:sheep":12,"minecraft:pig":1,"minecraft:cow":20,"minecraft:witch":1,"minecraft:spider":5},"minecraft:custom":{"minecraft:talked_to_villager":4,"minecraft:time_since_rest":56563,"minecraft:leave_game":23,"minecraft:damage_taken":1629,"minecraft:mob_kills":67,"minecraft:time_since_death":95424,"minecraft:sleep_in_bed":1,"minecraft:total_world_time":111673,"minecraft:swim_one_cm":2597,"minecraft:crouch_one_cm":1307,"minecraft:deaths":1,"minecraft:player_kills":1,"minecraft:interact_with_crafting_table":17,"minecraft:walk_one_cm":76811,"minecraft:walk_under_water_one_cm":1213,"minecraft:play_time":111673,"minecraft:damage_dealt":10703,"minecraft:jump":1786,"minecraft:drop":5,"minecraft:interact_with_cartography_table":1,"minecraft:sprint_one_cm":242577,"minecraft:open_chest":5,"minecraft:fall_one_cm":38884,"minecraft:fly_one_cm":1001941,"minecraft:walk_on_water_one_cm":5134,"minecraft:sneak_time":701},"minecraft:picked_up":{"minecraft:dirt":85,"minecraft:cobblestone":14,"minecraft:brown_wool":1,"minecraft:sugar_cane":2,"minecraft:leather":14,"minecraft:bone":12,"minecraft:bread":1,"minecraft:leaf_litter":74,"minecraft:oak_log":11,"minecraft:stripped_spruce_wood":12,"minecraft:armadillo_scute":1,"minecraft:wheat_seeds":72,"minecraft:melon_seeds":1,"minecraft:spider_eye":3,"minecraft:tipped_arrow":1,"minecraft:porkchop":1,"minecraft:white_wool":7,"minecraft:black_wool":3,"minecraft:crafting_table":2,"minecraft:snowball":53,"minecraft:arrow":6,"minecraft:rotten_flesh":17,"minecraft:beef":43,"minecraft:acacia_wood":3,"minecraft:crossbow":1,"minecraft:hay_block":15,"minecraft:string":6,"minecraft:acacia_log":1,"minecraft:spruce_door":1,"minecraft:mutton":16,"minecraft:gunpowder":6,"minecraft:gray_wool":1},"minecraft:dropped":{"minecraft:bread":0,"minecraft:spider_eye":0,"minecraft:book":0,"minecraft:snowball":0,"minecraft:brown_wool":0},"minecraft:killed_by":{"minecraft:iron_golem":1},"minecraft:used":{"minecraft:stone_axe":142,"minecraft:leaf_litter":3,"minecraft:golden_axe":3,"minecraft:wind_charge":96,"minecraft:wooden_pickaxe":14,"minecraft:gravel":1,"minecraft:spruce_door":1,"minecraft:mace":8,"minecraft:wooden_axe":1,"minecraft:golden_sword":5,"minecraft:crafting_table":3,"minecraft:snowball":4,"minecraft:porkchop":4,"minecraft:goat_horn":2,"minecraft:bread":25,"minecraft:dirt":7}},"DataVersion":4325}