{"stats":{"minecraft:mined":{"minecraft:tall_grass":40,"minecraft:stripped_spruce_wood":12,"minecraft:dirt":8,"minecraft:spruce_log":3,"minecraft:bush":7,"minecraft:grass_block":31,"minecraft:hay_block":15,"minecraft:short_grass":347,"minecraft:oak_leaves":5,"minecraft:crafting_table":2,"minecraft:acacia_wood":3,"minecraft:leaf_litter":30,"minecraft:oak_log":11,"minecraft:acacia_log":1,"minecraft:stone":14},"minecraft:broken":{"minecraft:stone_axe":1},"minecraft:crafted":{"minecraft:stick":12,"minecraft:wooden_axe":1,"minecraft:wooden_pickaxe":1,"minecraft:stone_axe":2,"minecraft:oak_planks":20,"minecraft:stone_pickaxe":1,"minecraft:bread":33,"minecraft:crafting_table":2,"minecraft:acacia_planks":16,"minecraft:wheat":99},"minecraft:killed":{"minecraft:zombie":11,"minecraft:pillager":5,"minecraft:stray":2,"minecraft:skeleton":5,"minecraft:creeper":3,"minecraft:sheep":12,"minecraft:pig":1,"minecraft:cow":20,"minecraft:witch":1,"minecraft:spider":5},"minecraft:custom":{"minecraft:interact_with_crafting_table":17,"minecraft:talked_to_villager":4,"minecraft:time_since_rest":29656,"minecraft:walk_one_cm":64623,"minecraft:leave_game":16,"minecraft:walk_under_water_one_cm":368,"minecraft:damage_taken":1558,"minecraft:mob_kills":66,"minecraft:play_time":84766,"minecraft:damage_dealt":10088,"minecraft:jump":1504,"minecraft:time_since_death":68517,"minecraft:drop":4,"minecraft:sprint_one_cm":221287,"minecraft:open_chest":4,"minecraft:sleep_in_bed":1,"minecraft:fall_one_cm":34565,"minecraft:total_world_time":84766,"minecraft:swim_one_cm":2214,"minecraft:fly_one_cm":811857,"minecraft:walk_on_water_one_cm":3721,"minecraft:crouch_one_cm":1121,"minecraft:sneak_time":608,"minecraft:deaths":1},"minecraft:picked_up":{"minecraft:dirt":85,"minecraft:cobblestone":14,"minecraft:brown_wool":1,"minecraft:sugar_cane":2,"minecraft:leather":14,"minecraft:bone":8,"minecraft:bread":1,"minecraft:leaf_litter":74,"minecraft:oak_log":11,"minecraft:stripped_spruce_wood":12,"minecraft:armadillo_scute":1,"minecraft:wheat_seeds":72,"minecraft:melon_seeds":1,"minecraft:spider_eye":3,"minecraft:tipped_arrow":1,"minecraft:porkchop":1,"minecraft:white_wool":7,"minecraft:black_wool":3,"minecraft:crafting_table":2,"minecraft:snowball":41,"minecraft:arrow":5,"minecraft:rotten_flesh":17,"minecraft:beef":43,"minecraft:acacia_wood":3,"minecraft:crossbow":1,"minecraft:hay_block":15,"minecraft:string":6,"minecraft:acacia_log":1,"minecraft:mutton":16,"minecraft:gunpowder":6,"minecraft:gray_wool":1},"minecraft:dropped":{"minecraft:bread":0,"minecraft:spider_eye":0,"minecraft:book":0,"minecraft:brown_wool":0},"minecraft:killed_by":{"minecraft:iron_golem":1},"minecraft:used":{"minecraft:stone_axe":141,"minecraft:leaf_litter":3,"minecraft:golden_axe":2,"minecraft:wind_charge":96,"minecraft:wooden_pickaxe":14,"minecraft:mace":8,"minecraft:wooden_axe":1,"minecraft:golden_sword":2,"minecraft:crafting_table":3,"minecraft:snowball":4,"minecraft:porkchop":4,"minecraft:goat_horn":2,"minecraft:bread":23,"minecraft:dirt":7}},"DataVersion":4325}