{"minecraft:recipes/transportation/mangrove_boat":{"criteria":{"in_water":"2025-05-24 23:15:17 +0000"},"done":true},"minecraft:recipes/decorations/crafting_table":{"criteria":{"unlock_right_away":"2025-05-24 23:14:57 +0000"},"done":true},"minecraft:recipes/transportation/acacia_boat":{"criteria":{"in_water":"2025-05-24 23:15:17 +0000"},"done":true},"minecraft:recipes/transportation/cherry_boat":{"criteria":{"in_water":"2025-05-24 23:15:17 +0000"},"done":true},"minecraft:adventure/root":{"criteria":{"killed_by_something":"2025-05-24 23:17:53 +0000"},"done":true},"minecraft:recipes/transportation/pale_oak_boat":{"criteria":{"in_water":"2025-05-24 23:15:17 +0000"},"done":true},"minecraft:adventure/adventuring_time":{"criteria":{"minecraft:savanna":"2025-05-24 23:14:58 +0000","minecraft:plains":"2025-05-24 23:20:59 +0000"},"done":false},"minecraft:recipes/transportation/bamboo_raft":{"criteria":{"in_water":"2025-05-24 23:15:17 +0000"},"done":true},"minecraft:recipes/transportation/spruce_boat":{"criteria":{"in_water":"2025-05-24 23:15:17 +0000"},"done":true},"minecraft:recipes/transportation/birch_boat":{"criteria":{"in_water":"2025-05-24 23:15:17 +0000"},"done":true},"minecraft:recipes/transportation/oak_boat":{"criteria":{"in_water":"2025-05-24 23:15:17 +0000"},"done":true},"minecraft:recipes/transportation/jungle_boat":{"criteria":{"in_water":"2025-05-24 23:15:17 +0000"},"done":true},"minecraft:recipes/transportation/dark_oak_boat":{"criteria":{"in_water":"2025-05-24 23:15:17 +0000"},"done":true},"DataVersion":4325}